Type,Name,Request Count,Failure Count,Median Response Time,Average Response Time,Min Response Time,Max Response Time,Average Content Size,Requests/s,Failures/s,50%,66%,75%,80%,90%,95%,98%,99%,99.9%,99.99%,100%
GET,/100,18,0,69,132.22494444444453,63.56299999999848,479.5316000000001,38059.0,0.37227929917944136,0.0,69,70,71,130,410,480,480,480,480,480,480
GET,/300,8,0,67,224.7181375000008,63.79530000000244,956.7413000000009,45941.0,0.16545746630197392,0.0,67,120,390,390,960,960,960,960,960,960,960
GET,/400,21,0,73,280.93053809523775,63.41409999999925,1414.0279000000003,47966.0,0.43432584904268157,0.0,73,77,110,580,1000,1100,1400,1400,1400,1400,1400
,Aggregated,47,0,70,214.41139148936162,63.41409999999925,1414.0279000000003,43827.14893617021,0.9720626145240968,0.0,70,76,120,390,600,1000,1400,1400,1400,1400,1400
